{
    "king": {
        "1": {
            "count": 32,
            "percentage": 78.04878048780488
        }
    },
    "queen": {
        "1": {
            "count": 9,
            "percentage": 21.951219512195124
        }
    }
}