{
    "king": {
        "1": {
            "count": 92,
            "percentage": 91.0891089108911
        }
    },
    "queen": {
        "1": {
            "count": 7,
            "percentage": 8.91089108910891
        }
    }
}