{
    "king": {
        "0": {
            "count": 100,
            "percentage": 100.0
        },
        "1": {
            "count": 3,
            "percentage": 10.344827586206897
        }
    },
    "queen": {
        "1": {
            "count": 26,
            "percentage": 89.65517241379311
        }
    }
}