{
    "king": {
        "0": {
            "count": 80,
            "percentage": 80.0
        },
        "1": {
            "count": 28,
            "percentage": 53.84615384615385
        }
    },
    "queen": {
        "0": {
            "count": 20,
            "percentage": 20.0
        },
        "1": {
            "count": 24,
            "percentage": 46.15384615384615
        }
    }
}